Lead ID,Business Name,Category,City,Has Website,Website,Phone,Email,Lead Score,Recommended Service,English Pitch (Veltrix),Hindi Pitch (Veltrix),Portfolio URL,Source,Address
"vlx_1791035867131_bi0sa","Guddu Real Estate","Real Estate & Builders","Delhi","NO","Not Listed","Search Online / G-Maps","Not Listed","9.5","Website Development & Business Automation","Hi Guddu Real Estate! 👋 We noticed your Real Estate & Builders in Delhi does not have an active website. High-intent customers search online before choosing services. At VELTIX & CO. (https://veltrixandco.vercel.app/), we build high-speed websites with instant WhatsApp inquiry funnels. Would you be open to a quick 2-minute preview?","Namaste Guddu Real Estate! 👋 Maine notice kiya ki Delhi me aapke Real Estate & Builders business ki koi active website nahi hai. Aaj kal high-value clients pehle online check karte hain. Hum VELTIX & CO. (https://veltrixandco.vercel.app/) se aapke liye modern website aur direct WhatsApp booking setup kar sakte hain. Kya hum ispar 2-min discuss kar sakte hain?","https://veltrixandco.vercel.app/","Free OpenStreetMap Global Discovery","Guddu Real Estate, 181, Street A, Satya Niketan, Moti Bagh, South, Delhi, South Delhi, Delhi, 110021, India"
"vlx_1791035867133_46v7s","Real Estate Consultant EMAAR MGF Palm","Real Estate & Builders","Delhi","NO","Not Listed","Search Online / G-Maps","Not Listed","9.5","Website Development & Business Automation","Hi Real Estate Consultant EMAAR MGF Palm! 👋 We noticed your Real Estate & Builders in Delhi does not have an active website. High-intent customers search online before choosing services. At VELTIX & CO. (https://veltrixandco.vercel.app/), we build high-speed websites with instant WhatsApp inquiry funnels. Would you be open to a quick 2-minute preview?","Namaste Real Estate Consultant EMAAR MGF Palm! 👋 Maine notice kiya ki Delhi me aapke Real Estate & Builders business ki koi active website nahi hai. Aaj kal high-value clients pehle online check karte hain. Hum VELTIX & CO. (https://veltrixandco.vercel.app/) se aapke liye modern website aur direct WhatsApp booking setup kar sakte hain. Kya hum ispar 2-min discuss kar sakte hain?","https://veltrixandco.vercel.app/","Free OpenStreetMap Global Discovery","Real Estate Consultant EMAAR MGF Palm, Delhi-Gurugram Expressway, Samalkha, Najafgarh, Delhi, South West Delhi, Delhi, 110038, India"
"vlx_1791035867133_shfhe","Sahib Real Estate","Real Estate & Builders","Delhi","NO","Not Listed","Search Online / G-Maps","Not Listed","9.5","Website Development & Business Automation","Hi Sahib Real Estate! 👋 We noticed your Real Estate & Builders in Delhi does not have an active website. High-intent customers search online before choosing services. At VELTIX & CO. (https://veltrixandco.vercel.app/), we build high-speed websites with instant WhatsApp inquiry funnels. Would you be open to a quick 2-minute preview?","Namaste Sahib Real Estate! 👋 Maine notice kiya ki Delhi me aapke Real Estate & Builders business ki koi active website nahi hai. Aaj kal high-value clients pehle online check karte hain. Hum VELTIX & CO. (https://veltrixandco.vercel.app/) se aapke liye modern website aur direct WhatsApp booking setup kar sakte hain. Kya hum ispar 2-min discuss kar sakte hain?","https://veltrixandco.vercel.app/","Free OpenStreetMap Global Discovery","Sahib Real Estate, A-1/60, Neb Valley, South, Delhi, South Delhi, Delhi, 110068, India"
"vlx_1791035867133_an63e","Asif Real Estate","Real Estate & Builders","Delhi","NO","Not Listed","+91-98910-43727;+91-85879-20666","Not Listed","10.0","Website Development & Business Automation","Hi Asif Real Estate! 👋 We noticed your Real Estate & Builders in Delhi does not have an active website. High-intent customers search online before choosing services. At VELTIX & CO. (https://veltrixandco.vercel.app/), we build high-speed websites with instant WhatsApp inquiry funnels. Would you be open to a quick 2-minute preview?","Namaste Asif Real Estate! 👋 Maine notice kiya ki Delhi me aapke Real Estate & Builders business ki koi active website nahi hai. Aaj kal high-value clients pehle online check karte hain. Hum VELTIX & CO. (https://veltrixandco.vercel.app/) se aapke liye modern website aur direct WhatsApp booking setup kar sakte hain. Kya hum ispar 2-min discuss kar sakte hain?","https://veltrixandco.vercel.app/","Free OpenStreetMap Global Discovery","Asif Real Estate, B-299, Gali #1, Mandawali Fazalpur, Shahdara South, Delhi, East Delhi, Delhi, 110092, India"
"vlx_1791035867133_03vr6","Sky Real Estate","Real Estate & Builders","Delhi","NO","Not Listed","Search Online / G-Maps","Not Listed","9.5","Website Development & Business Automation","Hi Sky Real Estate! 👋 We noticed your Real Estate & Builders in Delhi does not have an active website. High-intent customers search online before choosing services. At VELTIX & CO. (https://veltrixandco.vercel.app/), we build high-speed websites with instant WhatsApp inquiry funnels. Would you be open to a quick 2-minute preview?","Namaste Sky Real Estate! 👋 Maine notice kiya ki Delhi me aapke Real Estate & Builders business ki koi active website nahi hai. Aaj kal high-value clients pehle online check karte hain. Hum VELTIX & CO. (https://veltrixandco.vercel.app/) se aapke liye modern website aur direct WhatsApp booking setup kar sakte hain. Kya hum ispar 2-min discuss kar sakte hain?","https://veltrixandco.vercel.app/","Free OpenStreetMap Global Discovery","Sky Real Estate, Service road, Sector 7, Rohini, Delhi, North West Delhi, Delhi, 110085, India"
"vlx_1791035065242_1l3xn","Dr.Patrawala's Kalpana Nursing Home","Clinics & Healthcare","Mumbai","NO","Not Listed","Search Online / G-Maps","Not Listed","9.5","Website Development & Business Automation","Hi Dr.Patrawala's Kalpana Nursing Home! 👋 We noticed your Clinics & Healthcare in Mumbai does not have an active website. High-intent customers search online before choosing services. At VELTIX & CO. (https://veltrixandco.vercel.app/), we build high-speed websites with instant WhatsApp inquiry funnels. Would you be open to a quick 2-minute preview?","Namaste Dr.Patrawala's Kalpana Nursing Home! 👋 Maine notice kiya ki Mumbai me aapke Clinics & Healthcare business ki koi active website nahi hai. Aaj kal high-value clients pehle online check karte hain. Hum VELTIX & CO. (https://veltrixandco.vercel.app/) se aapke liye modern website aur direct WhatsApp booking setup kar sakte hain. Kya hum ispar 2-min discuss kar sakte hain?","https://veltrixandco.vercel.app/","Free OpenStreetMap Global Discovery","Dr.Patrawala's Kalpana Nursing Home, N S Mankikar Marg, Kurla East, L Ward, Mumbai Zone 5, Mumbai, Mumbai Suburban District, Maharashtra, 400022, India"
"vlx_1791035065243_kzc0s","Kamgar Nagar Health Post and Qureshi Nagar Dispensary","Clinics & Healthcare","Mumbai","NO","Not Listed","Search Online / G-Maps","Not Listed","9.5","Website Development & Business Automation","Hi Kamgar Nagar Health Post and Qureshi Nagar Dispensary! 👋 We noticed your Clinics & Healthcare in Mumbai does not have an active website. High-intent customers search online before choosing services. At VELTIX & CO. (https://veltrixandco.vercel.app/), we build high-speed websites with instant WhatsApp inquiry funnels. Would you be open to a quick 2-minute preview?","Namaste Kamgar Nagar Health Post and Qureshi Nagar Dispensary! 👋 Maine notice kiya ki Mumbai me aapke Clinics & Healthcare business ki koi active website nahi hai. Aaj kal high-value clients pehle online check karte hain. Hum VELTIX & CO. (https://veltrixandco.vercel.app/) se aapke liye modern website aur direct WhatsApp booking setup kar sakte hain. Kya hum ispar 2-min discuss kar sakte hain?","https://veltrixandco.vercel.app/","Free OpenStreetMap Global Discovery","Kamgar Nagar Health Post and Qureshi Nagar Dispensary, Tajjushsharia Road, Nehru Nagar, Kurla East, L Ward, Mumbai Zone 5, Mumbai, Mumbai Suburban District, Maharashtra, 400024, India"
"vlx_1791035065243_obrar","Ashirwad Nursing Home, Amravati","Clinics & Healthcare","Mumbai","NO","Not Listed","Search Online / G-Maps","Not Listed","9.5","Website Development & Business Automation","Hi Ashirwad Nursing Home, Amravati! 👋 We noticed your Clinics & Healthcare in Mumbai does not have an active website. High-intent customers search online before choosing services. At VELTIX & CO. (https://veltrixandco.vercel.app/), we build high-speed websites with instant WhatsApp inquiry funnels. Would you be open to a quick 2-minute preview?","Namaste Ashirwad Nursing Home, Amravati! 👋 Maine notice kiya ki Mumbai me aapke Clinics & Healthcare business ki koi active website nahi hai. Aaj kal high-value clients pehle online check karte hain. Hum VELTIX & CO. (https://veltrixandco.vercel.app/) se aapke liye modern website aur direct WhatsApp booking setup kar sakte hain. Kya hum ispar 2-min discuss kar sakte hain?","https://veltrixandco.vercel.app/","Free OpenStreetMap Global Discovery","Ashirwad Nursing Home, Amravati, Sant Rohidas Marg, Kala Qila, G/N Ward, Mumbai Zone 2, Mumbai City District, Maharashtra, 400022, India"
"vlx_1791035065243_i2mse","The Sion Circle Speciality Clinic","Clinics & Healthcare","Mumbai","NO","Not Listed","Search Online / G-Maps","Not Listed","9.5","Website Development & Business Automation","Hi The Sion Circle Speciality Clinic! 👋 We noticed your Clinics & Healthcare in Mumbai does not have an active website. High-intent customers search online before choosing services. At VELTIX & CO. (https://veltrixandco.vercel.app/), we build high-speed websites with instant WhatsApp inquiry funnels. Would you be open to a quick 2-minute preview?","Namaste The Sion Circle Speciality Clinic! 👋 Maine notice kiya ki Mumbai me aapke Clinics & Healthcare business ki koi active website nahi hai. Aaj kal high-value clients pehle online check karte hain. Hum VELTIX & CO. (https://veltrixandco.vercel.app/) se aapke liye modern website aur direct WhatsApp booking setup kar sakte hain. Kya hum ispar 2-min discuss kar sakte hain?","https://veltrixandco.vercel.app/","Free OpenStreetMap Global Discovery","The Sion Circle Speciality Clinic, Sion Circle, Sion Koliwada, Sion East, F/N Ward, Mumbai Zone 2, Mumbai City District, Maharashtra, 400022, India"
"vlx_1791035065243_8gei6","Vyas Clinic","Clinics & Healthcare","Mumbai","NO","Not Listed","Search Online / G-Maps","Not Listed","9.5","Website Development & Business Automation","Hi Vyas Clinic! 👋 We noticed your Clinics & Healthcare in Mumbai does not have an active website. High-intent customers search online before choosing services. At VELTIX & CO. (https://veltrixandco.vercel.app/), we build high-speed websites with instant WhatsApp inquiry funnels. Would you be open to a quick 2-minute preview?","Namaste Vyas Clinic! 👋 Maine notice kiya ki Mumbai me aapke Clinics & Healthcare business ki koi active website nahi hai. Aaj kal high-value clients pehle online check karte hain. Hum VELTIX & CO. (https://veltrixandco.vercel.app/) se aapke liye modern website aur direct WhatsApp booking setup kar sakte hain. Kya hum ispar 2-min discuss kar sakte hain?","https://veltrixandco.vercel.app/","Free OpenStreetMap Global Discovery","Vyas Clinic, Road No 8, Sion Koliwada, Sion East, F/N Ward, Mumbai Zone 2, Mumbai City District, Maharashtra, 400022, India"
"vlx_1791035065243_dwjxu","Well Care Nursing Home","Clinics & Healthcare","Mumbai","NO","Not Listed","Search Online / G-Maps","Not Listed","9.5","Website Development & Business Automation","Hi Well Care Nursing Home! 👋 We noticed your Clinics & Healthcare in Mumbai does not have an active website. High-intent customers search online before choosing services. At VELTIX & CO. (https://veltrixandco.vercel.app/), we build high-speed websites with instant WhatsApp inquiry funnels. Would you be open to a quick 2-minute preview?","Namaste Well Care Nursing Home! 👋 Maine notice kiya ki Mumbai me aapke Clinics & Healthcare business ki koi active website nahi hai. Aaj kal high-value clients pehle online check karte hain. Hum VELTIX & CO. (https://veltrixandco.vercel.app/) se aapke liye modern website aur direct WhatsApp booking setup kar sakte hain. Kya hum ispar 2-min discuss kar sakte hain?","https://veltrixandco.vercel.app/","Free OpenStreetMap Global Discovery","Well Care Nursing Home, A H Wadia Marg, Buddha Colony, Kurla West, L Ward, Mumbai Zone 5, Mumbai, Mumbai Suburban District, Maharashtra, 400070, India"
"vlx_1791035065243_s0hkn","Piwala Bungalow Dispensary","Clinics & Healthcare","Mumbai","NO","Not Listed","Search Online / G-Maps","Not Listed","9.5","Website Development & Business Automation","Hi Piwala Bungalow Dispensary! 👋 We noticed your Clinics & Healthcare in Mumbai does not have an active website. High-intent customers search online before choosing services. At VELTIX & CO. (https://veltrixandco.vercel.app/), we build high-speed websites with instant WhatsApp inquiry funnels. Would you be open to a quick 2-minute preview?","Namaste Piwala Bungalow Dispensary! 👋 Maine notice kiya ki Mumbai me aapke Clinics & Healthcare business ki koi active website nahi hai. Aaj kal high-value clients pehle online check karte hain. Hum VELTIX & CO. (https://veltrixandco.vercel.app/) se aapke liye modern website aur direct WhatsApp booking setup kar sakte hain. Kya hum ispar 2-min discuss kar sakte hain?","https://veltrixandco.vercel.app/","Free OpenStreetMap Global Discovery","Piwala Bungalow Dispensary, Dharavi Main Road, Koliwada, G/N Ward, Mumbai Zone 2, Mumbai City District, Maharashtra, 400017, India"
"vlx_1791035065243_bo9fp","Iyers Polyclinic","Clinics & Healthcare","Mumbai","NO","Not Listed","Search Online / G-Maps","Not Listed","9.5","Website Development & Business Automation","Hi Iyers Polyclinic! 👋 We noticed your Clinics & Healthcare in Mumbai does not have an active website. High-intent customers search online before choosing services. At VELTIX & CO. (https://veltrixandco.vercel.app/), we build high-speed websites with instant WhatsApp inquiry funnels. Would you be open to a quick 2-minute preview?","Namaste Iyers Polyclinic! 👋 Maine notice kiya ki Mumbai me aapke Clinics & Healthcare business ki koi active website nahi hai. Aaj kal high-value clients pehle online check karte hain. Hum VELTIX & CO. (https://veltrixandco.vercel.app/) se aapke liye modern website aur direct WhatsApp booking setup kar sakte hain. Kya hum ispar 2-min discuss kar sakte hain?","https://veltrixandco.vercel.app/","Free OpenStreetMap Global Discovery","Iyers Polyclinic, Road No 15, Agarwada Colony, Guru Tegh Bahadur Nagar, F/N Ward, Mumbai Zone 2, Mumbai City District, Maharashtra, 400022, India"
"vlx_1791035065243_onbb9","Magnum Diagnostic Centre","Clinics & Healthcare","Mumbai","NO","Not Listed","Search Online / G-Maps","Not Listed","9.5","Website Development & Business Automation","Hi Magnum Diagnostic Centre! 👋 We noticed your Clinics & Healthcare in Mumbai does not have an active website. High-intent customers search online before choosing services. At VELTIX & CO. (https://veltrixandco.vercel.app/), we build high-speed websites with instant WhatsApp inquiry funnels. Would you be open to a quick 2-minute preview?","Namaste Magnum Diagnostic Centre! 👋 Maine notice kiya ki Mumbai me aapke Clinics & Healthcare business ki koi active website nahi hai. Aaj kal high-value clients pehle online check karte hain. Hum VELTIX & CO. (https://veltrixandco.vercel.app/) se aapke liye modern website aur direct WhatsApp booking setup kar sakte hain. Kya hum ispar 2-min discuss kar sakte hain?","https://veltrixandco.vercel.app/","Free OpenStreetMap Global Discovery","Magnum Diagnostic Centre, Road No 24, Agarwada Colony, Guru Tegh Bahadur Nagar, F/N Ward, Mumbai Zone 2, Mumbai City District, Maharashtra, 400022, India"
"vlx_1791035065243_6aimg","Khan's Clinic","Clinics & Healthcare","Mumbai","NO","Not Listed","Search Online / G-Maps","Not Listed","9.5","Website Development & Business Automation","Hi Khan's Clinic! 👋 We noticed your Clinics & Healthcare in Mumbai does not have an active website. High-intent customers search online before choosing services. At VELTIX & CO. (https://veltrixandco.vercel.app/), we build high-speed websites with instant WhatsApp inquiry funnels. Would you be open to a quick 2-minute preview?","Namaste Khan's Clinic! 👋 Maine notice kiya ki Mumbai me aapke Clinics & Healthcare business ki koi active website nahi hai. Aaj kal high-value clients pehle online check karte hain. Hum VELTIX & CO. (https://veltrixandco.vercel.app/) se aapke liye modern website aur direct WhatsApp booking setup kar sakte hain. Kya hum ispar 2-min discuss kar sakte hain?","https://veltrixandco.vercel.app/","Free OpenStreetMap Global Discovery","Khan's Clinic, 90 Feet Road, Laxmi Baug, G/N Ward, Mumbai Zone 2, Mumbai City District, Maharashtra, 400017, India"